clicks,time_spent,searches,bookmarks,category
51,26,23,88,History
92,48,98,93,Agriculture
14,76,59,74,Art_and_Culture
71,32,44,6,Finance
60,97,97,94,Art_and_Culture
20,98,2,73,Art_and_Culture
82,0,36,38,Agriculture
86,20,42,12,Agriculture
74,54,39,30,Finance
74,5,89,70,Architecture
87,91,54,62,Agriculture
99,80,86,55,Agriculture
23,68,38,41,Research_and_Development
2,94,14,60,Art_and_Culture
21,4,3,41,Handlooms
52,2,92,55,Architecture
1,52,85,35,Architecture
87,22,24,83,Agriculture
29,52,12,67,Space
37,36,81,6,Architecture
1,73,32,53,Research_and_Development
63,73,15,0,Finance
59,82,41,43,Art_and_Culture
20,16,65,44,Science_and_Technology
32,84,54,46,Art_and_Culture
75,77,98,12,Art_and_Culture
57,72,41,21,Research_and_Development
21,0,33,20,Forestry
88,50,29,85,Agriculture
48,44,12,91,History
90,76,12,8,Agriculture
58,3,17,25,Defence
41,61,31,8,Research_and_Development
91,64,95,14,Agriculture
59,31,98,9,Architecture
79,33,38,87,Agriculture
14,91,45,41,Art_and_Culture
61,94,28,71,Art_and_Culture
61,71,61,23,Finance
46,38,92,79,Architecture
61,25,61,48,Finance
50,33,56,25,Defence
54,53,15,90,History
63,2,55,36,Finance
2,49,9,67,Space
50,11,29,49,Defence
6,64,24,23,Research_and_Development
20,53,83,18,Architecture
72,4,4,99,History
38,93,64,59,Art_and_Culture
17,93,93,38,Art_and_Culture
3,56,48,73,Space
88,16,2,88,Agriculture
59,46,44,17,Defence
13,22,13,18,Handlooms
8,78,29,35,Art_and_Culture
89,84,67,73,Agriculture
52,13,17,96,History
1,65,61,54,Research_and_Development
83,74,36,68,Agriculture
91,50,24,46,Agriculture
59,37,47,48,Defence
70,63,64,98,History
43,97,52,97,Art_and_Culture
7,37,78,32,Architecture
46,49,72,20,Science_and_Technology
34,97,14,80,Art_and_Culture
77,81,48,21,Agriculture
80,29,87,47,Agriculture
35,78,67,36,Art_and_Culture
49,90,11,14,Art_and_Culture
3,50,58,34,Education
1,62,36,91,History
5,97,60,70,Art_and_Culture
53,51,42,31,Defence
3,37,69,10,Science_and_Technology
53,96,38,9,Art_and_Culture
92,87,55,72,Agriculture
62,78,62,77,Art_and_Culture
17,29,45,76,History
89,50,87,56,Agriculture
43,80,10,24,Art_and_Culture
33,4,61,1,Science_and_Technology
73,28,76,63,Architecture
61,3,97,34,Architecture
99,9,24,6,Agriculture
13,55,70,84,History
94,16,51,17,Agriculture
47,73,3,66,Research_and_Development
14,16,58,41,Medicine
71,83,71,38,Art_and_Culture
77,87,19,40,Agriculture
86,68,92,74,Agriculture
61,33,62,23,Finance
39,5,53,59,Medicine
84,52,73,45,Agriculture
79,65,97,18,Agriculture
81,76,56,67,Agriculture
52,42,89,89,Architecture
23,74,40,41,Research_and_Development
25,22,2,31,Handlooms
88,54,5,38,Agriculture
59,79,4,35,Art_and_Culture
40,94,4,96,Art_and_Culture
28,74,53,35,Research_and_Development
14,15,46,2,Medicine
44,7,86,72,Architecture
64,3,48,7,Finance
88,3,8,96,Agriculture
70,55,98,69,Architecture
8,24,19,40,Handlooms
87,66,60,67,Agriculture
0,95,34,12,Art_and_Culture
7,66,49,48,Research_and_Development
87,26,81,59,Agriculture
62,92,61,1,Art_and_Culture
10,31,16,59,Tourism
80,49,87,4,Agriculture
7,60,2,43,Education
34,50,31,26,Education
34,18,98,31,Architecture
32,20,12,20,Transport
4,4,88,7,Architecture
40,81,72,71,Art_and_Culture
27,91,67,49,Art_and_Culture
6,41,13,66,Space
72,60,97,43,Architecture
71,21,10,57,Finance
11,20,55,2,Medicine
33,69,66,85,History
32,0,91,69,Architecture
47,4,28,1,Defence
22,11,8,86,History
61,89,66,43,Art_and_Culture
87,45,24,1,Agriculture
36,33,97,80,Architecture
98,48,75,34,Agriculture
43,77,41,97,Art_and_Culture
85,89,8,86,Agriculture
90,44,78,29,Agriculture
34,26,39,7,Transport
64,72,24,21,Finance
98,25,4,43,Agriculture
46,46,10,57,Defence
77,85,58,35,Agriculture
2,55,97,68,Architecture
0,93,87,76,Art_and_Culture
4,62,78,92,Architecture
89,47,37,30,Agriculture
13,60,71,46,Science_and_Technology
26,80,4,54,Art_and_Culture
8,25,47,79,History
78,35,89,61,Agriculture
14,0,17,29,Handlooms
89,7,69,54,Agriculture
41,98,36,15,Art_and_Culture
76,51,59,11,Agriculture
50,78,47,16,Art_and_Culture
62,46,76,15,Architecture
95,55,27,11,Agriculture
51,85,68,7,Art_and_Culture
95,13,76,83,Agriculture
3,89,80,2,Art_and_Culture
93,27,39,15,Agriculture
22,86,44,29,Art_and_Culture
14,77,95,22,Art_and_Culture
42,87,61,91,Art_and_Culture
28,1,92,4,Architecture
35,25,57,83,History
12,13,66,64,Science_and_Technology
31,58,55,29,Education
70,55,39,20,Finance
58,6,97,83,Architecture
85,2,39,69,Agriculture
27,22,90,21,Architecture
65,17,76,81,Architecture
41,37,32,71,Space
44,98,5,31,Art_and_Culture
61,14,87,32,Architecture
56,63,18,15,Research_and_Development
5,88,79,75,Art_and_Culture
27,27,39,37,Forestry
27,73,91,97,Architecture
43,38,96,13,Architecture
83,56,58,35,Agriculture
29,16,58,96,History
61,85,47,22,Art_and_Culture
74,89,40,65,Art_and_Culture
91,43,12,84,Agriculture
88,24,44,1,Agriculture
61,16,88,90,Architecture
96,12,52,72,Agriculture
0,83,41,64,Art_and_Culture
26,24,99,74,Architecture
61,67,62,66,Finance
76,9,26,51,Agriculture
2,66,37,61,Research_and_Development
69,17,59,22,Finance
71,99,6,25,Art_and_Culture
26,85,4,67,Art_and_Culture
8,33,44,81,History
61,7,57,54,Finance
36,39,30,5,Transport
96,82,22,34,Agriculture
50,41,41,21,Defence
43,40,9,42,Transport
23,5,31,14,Forestry
78,51,52,85,Agriculture
58,25,29,59,Defence
31,63,38,11,Research_and_Development
95,97,30,48,Agriculture
87,58,81,41,Agriculture
51,55,99,37,Architecture
61,58,1,81,History
57,69,77,44,Architecture
51,32,76,34,Architecture
11,52,92,29,Architecture
38,21,11,87,History
1,20,38,29,Forestry
2,69,65,77,History
55,69,95,5,Architecture
80,3,12,66,Agriculture
58,93,45,79,Art_and_Culture
1,74,26,6,Research_and_Development
1,61,16,51,Research_and_Development
91,61,94,13,Agriculture
53,93,97,72,Art_and_Culture
86,94,59,14,Agriculture
95,23,63,20,Agriculture
96,54,87,34,Agriculture
0,8,34,65,Space
18,2,69,90,History
1,30,82,1,Architecture
52,39,29,34,Defence
43,35,70,81,History
89,23,73,77,Agriculture
31,94,95,19,Art_and_Culture
69,5,97,81,Architecture
31,65,62,9,Research_and_Development
67,83,27,24,Art_and_Culture
54,91,59,65,Art_and_Culture
74,74,78,24,Architecture
55,3,93,53,Architecture
16,78,36,32,Art_and_Culture
37,5,92,35,Architecture
23,93,21,94,Art_and_Culture
68,50,67,13,Finance
97,61,19,64,Agriculture
69,56,95,79,Architecture
85,65,99,53,Agriculture
10,78,67,51,Art_and_Culture
15,74,90,2,Architecture
96,7,63,98,Agriculture
72,25,16,40,Finance
58,50,11,5,Defence
69,44,21,24,Finance
79,43,16,12,Agriculture
92,4,9,97,Agriculture
2,69,64,7,Research_and_Development
19,25,21,20,Handlooms
58,67,89,97,Architecture
35,18,81,67,Architecture
18,83,49,24,Art_and_Culture
89,96,13,78,Agriculture
66,19,63,67,Finance
18,11,46,44,Medicine
19,46,28,59,Education
95,0,75,11,Agriculture
70,89,35,31,Art_and_Culture
51,13,98,95,Architecture
32,63,51,91,History
39,37,75,12,Science_and_Technology
38,36,6,30,Transport
81,10,28,77,Agriculture
0,99,10,19,Art_and_Culture
10,76,32,17,Art_and_Culture
91,2,5,92,Agriculture
56,32,78,59,Architecture
88,5,31,62,Agriculture
49,49,50,5,Defence
22,9,74,31,Science_and_Technology
30,4,57,92,History
93,22,86,42,Agriculture
41,9,25,1,Transport
98,43,97,59,Agriculture
6,1,45,22,Forestry
15,12,97,82,Architecture
89,39,28,30,Agriculture
59,1,3,4,Defence
1,83,80,82,Art_and_Culture
0,64,98,33,Architecture
47,62,12,9,Research_and_Development
11,72,38,88,History
68,16,14,1,Finance
36,8,28,10,Transport
31,74,28,49,Research_and_Development
8,14,74,30,Science_and_Technology
98,23,31,55,Agriculture
18,37,1,78,History
47,34,46,72,Space
79,93,77,86,Agriculture
2,94,83,82,Art_and_Culture
19,48,21,8,Education
23,68,74,98,History
53,61,26,20,Research_and_Development
32,59,66,72,Science_and_Technology
23,49,80,27,Architecture
74,77,55,61,Art_and_Culture
71,74,91,6,Architecture
35,8,92,79,Architecture
37,33,20,15,Transport
83,75,46,96,Agriculture
98,98,79,3,Agriculture
88,34,58,3,Agriculture
98,0,83,39,Agriculture
24,39,5,16,Energy
92,63,18,51,Agriculture
17,21,56,92,History
81,59,68,51,Agriculture
65,63,2,35,Finance
53,92,0,37,Art_and_Culture
34,71,57,49,Research_and_Development
79,10,37,62,Agriculture
60,13,14,62,Space
40,59,33,61,Space
99,29,60,98,Agriculture
32,34,34,6,Transport
67,84,63,26,Art_and_Culture
32,36,24,91,History
13,4,23,85,History
20,82,11,13,Art_and_Culture
47,77,17,70,Art_and_Culture
19,25,14,85,History
7,61,79,4,Architecture
6,3,26,54,Tourism
66,88,71,1,Art_and_Culture
16,41,59,61,Space
32,88,45,90,Art_and_Culture
47,17,88,20,Architecture
75,39,16,78,History
58,71,92,20,Architecture
85,38,52,9,Agriculture
21,13,7,86,History
29,31,78,57,Architecture
37,50,26,38,Education
50,37,45,4,Defence
53,96,49,64,Art_and_Culture
7,22,70,12,Science_and_Technology
26,62,2,84,History
26,14,92,89,Architecture
97,96,63,84,Agriculture
20,24,43,52,Tourism
29,16,52,81,History
96,96,23,44,Agriculture
27,65,59,31,Research_and_Development
63,77,2,35,Art_and_Culture
96,52,19,80,Agriculture
68,50,45,98,History
60,38,14,59,Defence
47,50,24,10,Defence
18,69,93,62,Architecture
3,5,77,20,Architecture
34,66,70,51,Research_and_Development
63,6,16,54,Finance
48,50,83,25,Architecture
16,71,99,67,Architecture
43,41,8,33,Transport
91,63,37,51,Agriculture
29,14,47,81,History
92,28,59,98,Agriculture
45,32,62,92,History
5,93,85,51,Art_and_Culture
98,26,1,28,Agriculture
36,35,87,37,Architecture
23,28,71,41,Science_and_Technology
92,37,10,20,Agriculture
45,56,63,41,Science_and_Technology
52,96,76,12,Art_and_Culture
94,26,80,63,Agriculture
98,54,71,16,Agriculture
59,32,20,8,Defence
96,67,17,40,Agriculture
62,85,93,0,Art_and_Culture
84,65,63,1,Agriculture
31,9,81,59,Architecture
86,4,94,47,Agriculture
32,73,37,28,Research_and_Development
66,96,31,96,Art_and_Culture
17,37,10,9,Energy
24,12,44,57,Tourism
94,30,88,59,Agriculture
53,46,32,20,Defence
57,99,40,27,Art_and_Culture
66,87,7,74,Art_and_Culture
45,51,10,33,Education
23,55,85,7,Architecture
31,14,50,58,Medicine
46,28,87,85,Architecture
85,7,40,71,Agriculture
22,4,16,48,Tourism
65,28,75,78,History
26,46,45,16,Education
1,67,31,59,Research_and_Development
89,75,78,86,Agriculture
16,44,79,87,Architecture
32,1,53,44,Medicine
8,26,85,82,Architecture
42,94,91,68,Art_and_Culture
47,35,19,31,Defence
38,35,32,43,Transport
92,25,73,64,Agriculture
41,42,39,86,History
25,26,31,7,Forestry
98,68,96,76,Agriculture
49,19,1,71,Space
24,10,96,86,Architecture
23,73,32,42,Research_and_Development
12,37,76,0,Architecture
59,5,29,50,Defence
6,71,32,23,Research_and_Development
56,22,76,98,Architecture
35,46,25,23,Education
44,89,21,16,Art_and_Culture
19,45,65,4,Science_and_Technology
64,11,37,19,Finance
7,89,89,20,Art_and_Culture
15,12,45,57,Tourism
13,61,14,30,Research_and_Development
75,81,97,99,Art_and_Culture
86,88,43,10,Agriculture
14,96,48,51,Art_and_Culture
91,59,74,14,Agriculture
97,42,60,82,Agriculture
65,75,66,6,Finance
31,99,5,27,Art_and_Culture
86,67,8,50,Agriculture
62,4,5,57,Finance
85,36,72,4,Agriculture
50,71,94,4,Architecture
24,91,31,93,Art_and_Culture
57,30,40,95,History
62,8,75,7,Finance
61,50,7,63,Finance
21,28,71,9,Science_and_Technology
57,77,49,37,Art_and_Culture
57,39,91,95,Architecture
85,40,61,91,Agriculture
48,85,83,80,Art_and_Culture
51,10,61,94,History
41,22,6,7,Transport
69,0,74,24,Finance
14,45,83,72,Architecture
53,20,79,65,Architecture
59,89,3,78,Art_and_Culture
96,35,5,49,Agriculture
7,53,57,66,Space
52,86,21,48,Art_and_Culture
59,56,25,35,Defence
4,0,2,67,Space
67,62,40,77,History
5,53,59,40,Education
95,54,13,88,Agriculture
93,39,74,61,Agriculture
46,14,81,9,Architecture
98,20,11,20,Agriculture
54,46,86,35,Architecture
39,72,11,11,Research_and_Development
51,52,12,90,History
15,8,24,1,Handlooms
12,73,44,12,Research_and_Development
29,51,18,52,Education
18,56,54,31,Education
16,25,99,94,Architecture
62,40,44,15,Finance
18,34,7,31,Energy
91,62,92,31,Agriculture
57,24,52,97,History
54,89,54,10,Art_and_Culture
89,74,31,9,Agriculture
89,37,50,14,Agriculture
61,1,43,16,Finance
22,6,81,39,Architecture
8,81,69,17,Art_and_Culture
11,90,17,54,Art_and_Culture
0,33,82,72,Architecture
57,90,21,24,Art_and_Culture
0,16,36,58,Tourism
33,42,95,77,Architecture
95,58,55,88,Agriculture
47,50,58,21,Defence
88,53,2,29,Agriculture
0,23,27,83,History
15,24,73,84,History
60,70,34,43,Research_and_Development
63,51,60,31,Finance
62,69,92,50,Architecture
68,87,53,45,Art_and_Culture
21,32,62,20,Science_and_Technology
92,48,78,98,Agriculture
66,28,96,31,Architecture
75,62,6,93,History
25,21,75,38,Science_and_Technology
15,25,48,11,Medicine
50,27,93,46,Architecture
85,84,84,17,Agriculture
56,48,30,20,Defence
28,70,57,12,Research_and_Development
77,80,60,20,Agriculture
91,83,23,7,Agriculture
68,48,19,45,Finance
46,19,36,6,Defence
93,85,3,22,Agriculture
61,91,91,95,Art_and_Culture
68,62,19,74,Finance
75,60,59,85,History
15,48,23,21,Education
89,70,49,88,Agriculture
89,0,48,21,Agriculture
47,95,50,91,Art_and_Culture
84,12,95,28,Agriculture
38,93,35,12,Art_and_Culture
99,86,97,81,Agriculture
32,50,99,1,Architecture
93,55,65,28,Agriculture
22,82,78,84,Art_and_Culture
9,61,33,78,History
68,31,35,51,Finance
99,29,5,26,Agriculture
33,28,38,49,Tourism
51,48,41,94,History
94,44,57,78,Agriculture
9,92,11,22,Art_and_Culture
18,29,2,87,History
57,15,17,43,Defence
95,39,39,76,Agriculture
0,18,20,21,Handlooms
68,17,14,42,Finance
3,0,96,36,Architecture
15,77,98,60,Art_and_Culture
23,46,25,96,History
79,65,7,55,Agriculture
1,91,99,2,Art_and_Culture
91,93,93,62,Agriculture
31,37,86,18,Architecture
90,50,41,22,Agriculture
83,62,43,28,Agriculture
23,3,13,29,Handlooms
11,0,77,38,Architecture
49,7,1,24,Defence
34,28,36,7,Transport
32,54,68,57,Science_and_Technology
32,2,37,15,Transport
60,31,40,71,Space
50,9,61,0,Science_and_Technology
42,73,59,4,Research_and_Development
11,82,13,2,Art_and_Culture
66,33,88,64,Architecture
64,96,83,3,Art_and_Culture
32,86,1,98,Art_and_Culture
39,54,69,95,History
73,91,16,63,Art_and_Culture
42,31,88,97,Architecture
43,49,27,88,History
28,6,65,9,Science_and_Technology
12,92,34,20,Art_and_Culture
11,7,4,45,Handlooms
94,64,64,90,Agriculture
45,56,39,26,Education
1,66,75,65,Research_and_Development
34,87,55,40,Art_and_Culture
86,86,35,12,Agriculture
80,58,44,8,Agriculture
89,71,22,35,Agriculture
7,53,46,85,History
92,66,30,89,Agriculture
25,50,10,57,Education
73,96,9,53,Art_and_Culture
89,91,66,11,Agriculture
33,7,13,80,History
6,33,79,77,Architecture
67,34,73,13,Finance
57,95,92,33,Art_and_Culture
74,87,9,52,Art_and_Culture
28,77,75,19,Art_and_Culture
35,31,93,74,Architecture
88,45,0,15,Agriculture
20,15,4,94,History
35,67,19,69,Research_and_Development
9,36,7,55,Tourism
72,53,42,82,History
23,84,75,57,Art_and_Culture
63,13,0,3,Finance
98,94,56,3,Agriculture
48,54,63,19,Science_and_Technology
98,47,83,9,Agriculture
35,81,27,23,Art_and_Culture
81,6,36,98,Agriculture
95,73,46,25,Agriculture
23,6,75,36,Science_and_Technology
22,32,36,84,History
61,22,48,53,Finance
95,84,43,20,Agriculture
36,18,55,73,Space
11,18,27,37,Handlooms
54,35,78,45,Architecture
12,28,5,3,Handlooms
22,59,60,59,Education
88,81,19,56,Agriculture
98,1,77,44,Agriculture
29,0,1,19,Handlooms
16,46,72,16,Science_and_Technology
61,68,36,70,Finance
83,19,19,3,Agriculture
88,10,25,92,Agriculture
85,1,28,13,Agriculture
12,66,0,2,Research_and_Development
58,86,34,87,Art_and_Culture
18,11,69,79,History
48,19,58,57,Defence
99,4,68,54,Agriculture
11,36,32,3,Energy
60,37,50,23,Defence
18,93,77,33,Art_and_Culture
75,8,11,29,Finance
8,97,19,81,Art_and_Culture
70,52,52,18,Finance
27,43,87,30,Architecture
77,98,42,59,Agriculture
94,85,97,59,Agriculture
51,23,88,18,Architecture
82,80,49,48,Agriculture
15,73,28,62,Research_and_Development
68,29,56,82,History
98,58,38,21,Agriculture
11,86,94,23,Art_and_Culture
24,95,55,75,Art_and_Culture
51,80,42,29,Art_and_Culture
84,80,49,57,Agriculture
99,13,22,30,Agriculture
52,8,43,99,History
22,39,37,63,Space
15,65,83,18,Architecture
56,24,22,47,Defence
38,72,44,44,Research_and_Development
52,21,51,99,History
41,3,79,93,Architecture
57,25,49,54,Defence
38,57,7,54,Education
13,28,84,96,Architecture
94,97,0,17,Agriculture
4,86,7,62,Art_and_Culture
34,36,28,91,History
86,74,95,46,Agriculture
92,69,4,74,Agriculture
74,17,85,56,Architecture
17,84,46,44,Art_and_Culture
75,41,33,32,Finance
8,99,64,16,Art_and_Culture
73,40,54,69,Finance
57,37,89,3,Architecture
16,33,42,19,Energy
6,16,73,46,Science_and_Technology
45,36,29,90,History
12,24,81,14,Architecture
39,75,16,69,Research_and_Development
41,86,25,46,Art_and_Culture
8,85,7,77,Art_and_Culture
49,84,46,74,Art_and_Culture
26,26,75,8,Science_and_Technology
65,56,90,89,Architecture
4,30,71,15,Science_and_Technology
28,5,88,68,Architecture
36,90,45,60,Art_and_Culture
37,39,67,9,Science_and_Technology
82,97,32,49,Agriculture
7,11,0,2,Handlooms
64,52,18,76,History
85,70,30,93,Agriculture
16,9,79,69,Architecture
70,44,13,80,History
88,16,52,50,Agriculture
44,25,47,18,Medicine
3,84,68,41,Art_and_Culture
35,91,89,34,Art_and_Culture
69,61,61,45,Finance
30,45,91,25,Architecture
18,63,65,68,Research_and_Development
60,1,63,92,History
53,53,69,63,Science_and_Technology
38,64,62,36,Research_and_Development
90,50,72,83,Agriculture
73,52,32,48,Finance
89,35,40,20,Agriculture
18,25,88,73,Architecture
38,28,47,63,Space
66,20,12,4,Finance
44,10,72,99,History
12,39,76,69,Architecture
91,10,30,89,Agriculture
57,35,74,3,Science_and_Technology
19,58,67,38,Science_and_Technology
91,38,97,34,Agriculture
71,98,3,0,Art_and_Culture
60,53,18,23,Defence
38,97,69,56,Art_and_Culture
0,54,97,99,Architecture
2,23,81,69,Architecture
76,21,12,40,Agriculture
91,68,22,53,Agriculture
61,55,82,45,Architecture
62,32,74,59,Finance
24,35,0,59,Tourism
55,19,87,56,Architecture
32,82,53,30,Art_and_Culture
37,98,70,83,Art_and_Culture
5,80,88,23,Art_and_Culture
57,61,84,88,Architecture
43,97,14,35,Art_and_Culture
44,72,64,84,History
31,25,75,29,Science_and_Technology
44,65,70,23,Research_and_Development
60,72,14,29,Research_and_Development
46,72,20,85,History
20,39,18,91,History
79,16,59,6,Agriculture
84,0,92,34,Agriculture
74,88,88,54,Art_and_Culture
35,60,32,91,History
98,42,48,13,Agriculture
18,41,95,9,Architecture
19,24,34,79,History
56,38,43,15,Defence
17,34,89,53,Architecture
46,2,10,94,History
48,43,98,88,Architecture
13,50,71,76,History
14,93,77,69,Art_and_Culture
30,97,73,43,Art_and_Culture
0,11,65,72,Science_and_Technology
53,18,45,44,Defence
2,43,8,99,History
15,58,2,55,Education
86,48,84,83,Agriculture
56,60,25,81,History
74,16,71,56,Finance
11,73,47,20,Research_and_Development
73,56,65,67,Finance
95,54,69,49,Agriculture
15,46,27,32,Education
71,11,92,90,Architecture
75,61,25,6,Finance
23,79,24,69,Art_and_Culture
27,87,11,14,Art_and_Culture
7,82,4,81,Art_and_Culture
91,7,97,31,Agriculture
35,94,47,74,Art_and_Culture
89,20,36,19,Agriculture
7,80,78,87,Art_and_Culture
57,86,43,14,Art_and_Culture
59,79,99,47,Art_and_Culture
49,69,14,70,Research_and_Development
27,71,42,20,Research_and_Development
91,24,47,41,Agriculture
40,81,86,25,Art_and_Culture
99,88,69,13,Agriculture
63,11,45,56,Finance
26,14,42,36,Forestry
62,58,20,57,Finance
16,25,22,20,Handlooms
72,25,79,81,Architecture
32,46,46,68,Space
83,31,14,2,Agriculture
76,9,24,86,Agriculture
91,15,35,89,Agriculture
28,70,74,36,Research_and_Development
12,16,50,87,History
45,22,14,48,Tourism
34,25,67,18,Science_and_Technology
5,84,20,88,Art_and_Culture
81,85,12,84,Agriculture
68,6,85,11,Architecture
46,13,18,60,Defence
24,78,33,40,Art_and_Culture
65,6,77,32,Architecture
9,8,67,49,Science_and_Technology
55,47,51,67,Space
29,71,26,70,Research_and_Development
4,58,28,85,History
32,86,27,32,Art_and_Culture
64,92,34,80,Art_and_Culture
17,81,7,23,Art_and_Culture
95,94,15,60,Agriculture
48,93,35,60,Art_and_Culture
10,38,29,97,History
84,98,17,27,Agriculture
25,17,1,57,Tourism
62,58,48,42,Finance
88,16,76,40,Agriculture
85,13,3,38,Agriculture
58,30,89,85,Architecture
